,,Littleroot Town,,Route 101,,Oldale Town,,Route 103,,Route 102,,Petalburg City,,Route 104,,Dewford Town,,Route 107,,Route 106,,Granite Cave 1F,,Granite Cave B1F,,Granite Cave B2F,,Steven's Room,,Route 109,,Slateport City,,Route 110,,Petalburg Woods,,Rustboro City,,Route 115,,Route 116,,Rusturf Tunnel,,Verdanturf Town,,Route 117,,Route 111,,Route 118,,Altering Cave,,Mirage Tower 1F,,Mirage Tower 2F,,Mirage Tower 3F,,Mirage Tower 4F,,Route 113,,Fallarbor Town,,Desert Underpass,,Route 114,,Meteor Falls 1F1,,Meteor Falls 1F2,,Meteor Falls B1F1,,Meteor Falls B1F2,,Route 112,,Fiery Path,,Mt. Chimney,,Jagged Pass,,Route 134,,New Mauville (Outside),,New Mauville (Inside),,Route 105,,Route 108,,Abandoned Ship B1F Rooms,,Route 119,,Fortree City,,Route 120,,Scorched Slab,,Route 121,,Safari Zone (South),,Safari Zone (Southwest),,Safari Zone (Northwest),,Safari Zone (North),,Lilycove City,,Route 122,,Route 123,,Mt. Pyre 1F-2F,,Mt. Pyre 3F-4F,,Mt. Pyre 5F-6F,,Mt. Pyre (Exterior),,Mt. Pyre (Summit),,Magma Hideout Room 1,,Magma Hideout Room 2-4,,Magma Hideout Room 5,,Magma Hideout Room 6-7,,Aqua Hideout B1F,,Route 124,,Mossdeep City,,Route 125,,Shoal Cave (Entrance/Inner),,Shoal Cave (Other Rooms),,Shoal Cave (Ice Room),,Route 127,,Route 126,,Sootopolis City,,Route 128,,Route 129,,Ever Grande City,,Seafloor Cavern Entrance,,Seafloor Cavern Rooms 1-5,,Seafloor Cavern Rooms 6-7,,Seafloor Cavern Room 8,,Cave of Origin Entrance/1F,,Route 130,,Route 131,,Pacifidlog Town,,Route 132,,Route 133,,Sky Pillar 1F and 3F,,Sky Pillar 5F,,Victory Road 1F,,Victory Road B1F,,Victory Road B2F,,,
,,Level,Pokémon,Level,Pokémon,Level,Pokémon,Level,Pokémon,Level,Pokémon,Level,Pokémon,Level,Pokémon,Level,Pokémon,Level,Pokémon,Level,Pokémon,Level,Pokémon,Level,Pokémon,Level,Pokémon,Level,Pokémon,Level,Pokémon,Level,Pokémon,Level,Pokémon,Level,Pokémon,Level,Pokémon,Level,Pokémon,Level,Pokémon,Level,Pokémon,Level,Pokémon,Level,Pokémon,Level,Pokémon,Level,Pokémon,Level,Pokémon,Level,Pokémon,Level,Pokémon,Level,Pokémon,Level,Pokémon,Level,Pokémon,Level,Pokémon,Level,Pokémon,Level,Pokémon,Level,Pokémon,Level,Pokémon,Level,Pokémon,Level,Pokémon,Level,Pokémon,Level,Pokémon,Level,Pokémon,Level,Pokémon,Level,Pokémon,Level,Pokémon,Level,Pokémon,Level,Pokémon,Level,Pokémon,Level,Pokémon,Level,Pokémon,Level,Pokémon,Level,Pokémon,Level,Pokémon,Level,Pokémon,Level,Pokémon,Level,Pokémon,Level,Pokémon,Level,Pokémon,Level,Pokémon,Level,Pokémon,Level,Pokémon,Level,Pokémon,Level,Pokémon,Level,Pokémon,Level,Pokémon,Level,Pokémon,Level,Pokémon,Level,Pokémon,Level,Pokémon,Level,Pokémon,Level,Pokémon,Level,Pokémon,Level,Pokémon,Level,Pokémon,Level,Pokémon,Level,Pokémon,Level,Pokémon,Level,Pokémon,Level,Pokémon,Level,Pokémon,Level,Pokémon,Level,Pokémon,Level,Pokémon,Level,Pokémon,Level,Pokémon,Level,Pokémon,Level,Pokémon,Level,Pokémon,Level,Pokémon,Level,Pokémon,Level,Pokémon,Level,Pokémon,Level,Pokémon,Level,Pokémon,Level,Pokémon,Level,Pokémon,Level,Pokémon,Level,Pokémon,Level,Pokémon
Land,20%,,,2-3,Lillipup,2-3,Ponyta,2-3,Gossifleur,5,Starly,,,5,Paras,8,Tyrogue,,,,,8,Phanpy,8,Cufant,8,Amaura,8,Abra,,,,,12,Shinx,14,Carnivine,14,Rockruff,90,Gallade,14,Makuhita,16,Teddiursa,20,Petilil,20,Pikachu,32,Vibrava,5-50,Swablu,5-26,Riolu,5-32,Drilbur,32,Baltoy,32,Sigilyph,5-32,Zorua,32,Murkrow,40,Perrserker,40,Crustle,5-40,Cutiefly,40,Rhydon,90,Ursaluna,90,Goodra-H,90,Dragapult,40,Arcanine,40,Camerupt,40,Lucario,44,Turtonator,,,50,Togedemaru,50,Magneton,50,Corviknight,,,,,52,Escavalier,,,55,Hawlucha,5-55,Litwick,56,Pidgeot,56,Nuzleaf,56,Vivillon-Archipelago,56,Amoonguss,56,Donphan,56,Manectric,,,90,Weavile,5-58,Litwick,58,Lampent,58,Pangoro,5-58,Phantump,58,Froslass,65,Granbull,67,Exeggutor,69,Hydreigon,70,Houndoom,,,,,,,,,72,Sneasler,72,Sneasler,72,Abomasnow,75,Ludicolo,,,5-75,Petilil,,,,,85,Togekiss,,,80,Absol,80,Absol,80,Absol,82,Grimmsnarl,5-99,Zorua,,,,,,,,,82,Togekiss,82,Altaria,85,Blastoise,85,Gengar,85,Weavile,,
,10%,,,2-3,Bunnelby,2-3,Ponyta,2-3,Bounsweet,5,Starly,,,5,Weedle,8,Timburr,,,,,8,Phanpy,8,Cufant,8,Amaura,8,Hatenna,,,,,12,Shinx,14,Carnivine,14,Mudbray,90,Gallade,14,Tyrogue,16,Trapinch,20,Foongus,20,Electrike,32,Donphan,50,Altaria,5-26,Timburr,5-32,Baltoy,32,Claydol,32,Orbeetle,32,Zoroark,5-32,Stunky,40,Copperajah,40,Scolipede,40,Ribombee,40,Aggron,90,Mawile,90,Garchomp,90,Dragonite,40,Arcanine,40,Camerupt,40,Lycanroc,44,Turtonator,,,50,Manectric,50,Magnezone,50,Ribombee,,,,,52,Accelgor,,,5-55,Gligar,5-55,Tepig,56,Kirlia,56,Sawsbuck,56,Vivillon-Continental,5-56,Morelull,56,Donphan,56,Manectric,,,90,Blastoise,5-58,Litwick,58,Lampent,58,Obstagoon,5-58,Drifloon,58,Absol,65,Ursaring,67,Shiftry,69,Excadrill,70,Houndoom,,,,,,,,,72,Starmie,72,Sliggoo-H,72,Glalie,75,Heracross,,,5-75,Flabébé,,,,,85,Florges,,,80,Muk-A,80,Audino,80,Weavile,82,Ursaluna,5-99,Zorua-H,,,,,,,,,82,Corviknight,82,Dragonite,85,Charizard,85,Dragapult,85,Glalie,,
,10%,,,2-3,Bunnelby,2-3,Growlithe,2-3,Bounsweet,5,Pidgey,,,5,Scatterbug,8,Timburr,,,,,8,Cufant,8,Geodude-A,8,Sandshrew-A,8,Hatenna,,,,,12,Mareep,14,Shroomish,14,Phanpy,90,Gardevoir,14,Tyrogue,16,Trapinch,20,Phanpy,20,Electrike,5-32,Drilbur,50,Kangaskhan,5-26,Sandshrew-A,5-32,Baltoy,5-32,Solosis,32,Claydol,32,Xatu,5-32,Skorupi,40,Copperajah,40,Scolipede,40,Vespiquen,40,Donphan,90,Mawile,90,Altaria,90,Dragonite,40,Pyroar,40,Torkoal,40,Lycanroc-Dusk,44,Druddigon,,,50,Manectric,50,Ampharos,50,Ribombee,,,,,52,Toxicroak,,,55,Gliscor,5-55,Fennekin,56,Kadabra,56,Sawsbuck-A,56,Vivillon-Elegant,56,Shiinotic,56,Mudsdale,56,Toxtricity,,,90,Primarina,5-58,Gastly,58,Chandelure,58,Obstagoon,58,Drifblim,58,Absol,65,Ursaluna,67,Shiftry,69,Garchomp,70,Aggron,,,,,,,,,72,Starmie,72,Audino,72,Glalie,75,Pidgeot,,,5-75,Flabébé-Yellow,,,,,85,Florges-Yellow,,,80,Aggron,80,Avalugg,80,Grimmsnarl,82,Wyrdeer,5-99,Zorua-H,,,,,,,,,82,Togekiss,82,Dragonite,85,Charizard,85,Alakazam,85,Glalie,,
,10%,,,2-3,Buneary,2-3,Growlithe,2-3,Exeggcute,5,Pidgey,,,5,Blipbug,8,Makuhita,,,,,8,Cufant,8,Geodude-A,8,Sandshrew-A,8,Gligar,,,,,12,Mareep,14,Shroomish,14,Growlithe,90,Gardevoir,14,Munna,16,Gligar,20,Mudbray,20,Joltik,32,Onix,50,Kangaskhan,5-26,Magnemite,32,Lairon,32,Duosion,5-32,Zubat,32,Hattrem,32,Zoroark,40,Karrablast,40,Nidoqueen,40,Ledian,40,Excadrill,90,Aggron,90,Ampharos,90,Goodra,40,Pyroar,40,Torkoal,40,Lycanroc-Midnight,44,Druddigon,,,50,Galvantula,50,Ampharos,5-50,Stufful,,,,,52,Seismitoad,,,5-55,Sneasel-H,5-55,Litten,56,Lopunny,56,Sawsbuck-S,56,Vivillon-Fancy,56,Parasect,56,Mudsdale,56,Toxtricity-Low-Key,,,90,Samurott-H,5-58,Gastly,58,Haunter,58,Weavile,5-58,Deino,58,Weavile,65,Salazzle,67,Victreebel,69,Flygon,70,Charizard,,,,,,,,,72,Audino,72,Avalugg,72,Cryogonal,75,Pinsir,,,5-75,Flabébé-Orange,,,,,85,Florges-Orange,,,80,Avalugg-H,80,Slowbro,80,Zoroark-H,82,Audino,100,Zoroark,,,,,,,,,82,Aerodactyl,82,Salamence,85,Venusaur,85,Chandelure,85,Mamoswine,,
,10%,,,2-3,Skitty,2-3,Houndour,2-3,Budew,5,Rookidee,,,5,Sizzlipede,8,Farfetch'd-G,,,,,8,Rhyhorn,8,Dwebble,8,Sneasel,8,Nosepass,,,,,12,Mareep,14,Steenee,14,Houndour,90,Gardevoir,14,Munna,16,Swinub,20,Nidorina,20,Magnemite,32,Boldore,50,Beedrill,26,Bergmite,32,Lairon,5-32,Munna,32,Golbat,32,Sigilyph,32,Koffing,5-40,Snubbull,40,Nidoking,40,Yanmega,40,Gigalith,90,Steelix,90,Clefable,90,Goodra,40,Rapidash,40,Torkoal,40,Hariyama,44,Magmortar,,,50,Galvantula,50,Golem-A,50,Audino,,,,,52,Gastrodon,,,55,Sneasler,55,Lampent,56,Medicham,56,Sawsbuck-W,56,Vivillon-Garden,5-56,Snivy,56,Vibrava,56,Eelektross,,,90,Absol,5-58,Shuppet,58,Haunter,58,Weavile,58,Zweilous,58,Weavile,65,Centiskorch,67,Victreebel,69,Tyranitar,70,Garchomp,,,,,,,,,72,Avalugg-H,72,Avalugg-H,72,Cryogonal,75,Scyther,,,5-75,Flabébé-Blue,,,,,85,Florges-Blue,,,80,Slowbro,80,Starmie,80,Samurott-H,82,Clefable,100,Zoroark,,,,,,,,,82,Banette,82,Salamence,85,Venusaur,85,Grimmsnarl,85,Alakazam,,
,10%,,,2-3,Zigzagoon-G,2-3,Fletchling,2-3,Seedot,5,Rookidee,,,5,Ekans,8,Mienfoo,,,,,8,Rhyhorn,8,Nosepass,8,Snover,8,Magnemite,,,,,12,Tynamo,14,Chikorita,14,Meowth-G,90,Lopunny,14,Hatenna,16,Sandile,20,Nidorino,20,Togedemaru,32,Dwebble,50,Beedrill,26,Numel,32,Skorupi,32,Musharna,32,Karrablast,32,Absol,32,Houndoom,40,Lairon,40,Drapion,40,Staraptor,40,Mamoswine,90,Swampert,90,Kommo-o,90,Hydreigon,40,Rapidash,40,Turtonator,40,Conkeldurr,44,Ursaring,,,50,Boltund,50,Golem-A,50,Breloom,,,,,52,Araquanid,,,55,Mienshao,55,Crobat,56,Mienshao,56,Maractus,56,Vivillon-High-Plains,5-56,Rowlett,56,Flygon,56,Carracosta,,,90,Goodra-H,58,Kadabra,58,Gengar,58,Kangaskhan,5-58,Dreepy,58,Sableye,65,Weezing,67,Lilligant,69,Ursaluna,70,Steelix,,,,,,,,,72,Duraludon,72,Duraludon,72,Avalugg,75,Staraptor,,,5-75,Flabébé-White,,,,,85,Florges-White,,,80,Slowking,80,Walrein,80,Avalugg-H,82,Mawile,100,Zoroark,,,,,,,,,82,Dragapult,82,Flygon,85,Metagross,85,Kommo-o,85,Gengar,,
,10%,,,2-3,Poochyena,2-3,Sizzlipede,2-3,Lotad,5,Fletchling,,,5,Salandit,8,Pancham,,,,,8,Onix,8,Togedemaru,8,Spheal,8,Baltoy,,,,,12,Tynamo,5-14,Bellsprout,14,Togedemaru,90,Lopunny,14,Zigzagoon-G,16,Rockruff,20,Roselia,20,Toxel,32,Maractus,50,Absol,26,Porygon,32,Krokorok,32,Mawile,32,Shelmet,32,Hypno,32,Salazzle,40,Clefairy,40,Skuntank,40,Talonflame,40,Steelix,90,Rhyperior,90,Ursaluna,90,Hydreigon,40,Centiskorch,40,Turtonator,40,Ampharos,44,Wyrdeer,,,50,Probopass,50,Probopass,50,Hawlucha,,,,,52,Galvantula,,,55,Bewear,55,Noivern,56,Weavile,56,Maractus,56,Vivillon-Jungle,5-56,Chespin,5-56,Larvitar,56,Drednaw,,,90,Lopunny,58,Kirlia,58,Alakazam,58,Kangaskhan,58,Honchkrow,58,Spiritomb,65,Weezing,67,Lilligant-H,69,Volcarona,70,Tyranitar,,,,,,,,,72,Goodra,72,Mamoswine,72,Mamoswine,75,Talonflame,,,75,Beedrill,,,,,85,Ferrothorn,,,80,Walrein,80,Weavile,80,Goodra-H,82,Sableye,100,Zoroark-H,,,,,,,,,82,Gengar,82,Hydreigon,85,Tyranitar,85,Incineroar,85,Greninja,,
,5%,,,2-3,Starly,2-3,Houndour,2-3,Exeggcute,5,Fletchling,,,5,Venipede,8,Makuhita,,,,,8,Aron,8,Dwebble,8,Sneasel,8,Gligar,,,,,12,Yamper,14,Gossifleur,14,Mudbray,90,Alakazam,14,Hatenna,16,Gligar,20,Foongus,20,Meowth-G,5-32,Trapinch,50,Araquanid,26,Gurdurr,32,Excadrill,32,Nosepass,32,Gliscor,32,Drapion,32,Skuntank,40,Karrablast,40,Crustle,40,Corviknight,40,Aurorus,90,Aggron,90,Garchomp,90,Salamence,40,Houndoom,40,Weezing,40,Altaria,44,Lycanroc,,,50,Porygon2,50,Raichu,50,Bewear,,,,,52,Pinsir,,,55,Altaria,55,Pignite,56,Gardevoir,56,Shiftry,56,Vivillon-Marine,5-56,Grookey,56,Pupitar,56,Luxio,,,90,Blastoise,58,Lampent,58,Banette,58,Alakazam,58,Drakloak,58,Zoroark,65,Exeggutor,67,Arcanine,69,Camerupt,70,Torkoal,,,,,,,,,72,Hatterene,72,Goodra-H,72,Weavile,5-75,Togepi,,,5-75,Riolu,,,,,5-85,Mudkip,,,80,Muk-A,80,Audino,80,Weavile,82,Ursaluna,100,Zoroark-H,,,,,,,,,82,Kleavor,82,Corviknight,85,Metagross,85,Dragapult,85,Mamoswine,,
,5%,,,2-3,Pidgey,2-3,Sizzlipede,2-3,Budew,5,Natu,,,5,Combee,8,Meditite,,,,,8,Aron,8,Amaura,8,Snorunt,8,Dottler,,,,,12,Yamper,14,Paras,14,Phanpy,90,Altaria,14,Yanma,16,Geodude-A,20,Weepinbell,20,Yamper,32,Krokorok,50,Araquanid,26,Sandslash-A,32,Claydol,32,Lairon,32,Galvantula,32,Hatterene,32,Drapion,40,Granbull,40,Nidoqueen,40,Roserade,40,Clefable,90,Steelix,90,Aggron,90,Salamence,40,Salazzle,40,Weezing,40,Druddigon,44,Lycanroc-Dusk,,,50,Raichu,50,Raichu-A,50,Aipom,,,,,52,Heracross,,,55,Noivern,55,Braixen,56,Gallade,56,Shiftry,56,Vivillon-Meadow,5-56,Grookey,56,Diggersby,56,Luxray,,,90,Primarina,58,Haunter,58,Gardevoir,58,Gengar,5-58,Pumpkaboo-Super,58,Gengar,65,Shiftry,67,Houndoom,69,Charizard,70,Turtonator,,,,,,,,,72,Musharna,72,Sandslash-A,72,Weavile,75,Togetic,,,75,Durant,,,,,5-85,Treecko,,,80,Primarina,80,Goodra,80,Sneasler,82,Wyrdeer,100,Zoroark-H,,,,,,,,,82,Sableye,82,Aerodactyl,85,Tyranitar,85,Garchomp,85,Mawile,,
,5%,,,2-3,Litleo,2-3,Salandit,2-3,Seedot,5,Natu,,,5,Yanma,8,Stufful,,,,,8,Togedemaru,8,Amaura,8,Swinub,8,Meditite,,,,,12,Electrike,14,Weepinbell,14,Herdier,90,Gengar,14,Nidoran-F,16,Roggenrola,20,Flaaffy,20,Luxio,32,Krokorok,50,Galvantula,26,Magneton,32,Krookodile,32,Sigilyph,32,Skorupi,32,Kirlia,32,Yanmega,40,Azumarill,40,Nidoking,40,Mudsdale,40,Ursaring,90,Swampert,90,Steelix,90,Salamence,40,Camerupt,5-40,Magby,40,Turtonator,44,Lycanroc-Midnight,,,50,Raichu-A,5-50,Elekid,50,Ambipom,,,,,52,Scyther,,,55,Tsareena,55,Torracat,56,Alakazam,5-56,Bulbasaur,56,Vivillon-Modern,5-56,Chikorita,56,Maractus,56,Ampharos,,,90,Samurott-H,58,Banette,58,Gallade,58,Gardevoir,5-58,Pumpkaboo-Small,58,Chandelure,65,Victreebel,67,Volcarona,69,Houndoom,70,Ursaluna,,,,,,,,,72,Reuniclus,5-72,Impidimp,5-72,Smoochum,75,Volcarona,,,5-75,Ferroseed,,,,,5-85,Torchic,,,80,Samurott-H,80,Froslass,80,Zoroark,82,Obstagoon,100,Zoroark-H,,,,,,,,,82,Scizor,82,Togekiss,85,Salamence,85,Hydreigon,85,Metagross,,
,4%,,,2-3,Deerling,2-3,Litleo,2-3,Deerling,5,Abra,,,5,Ledyba,8,Croagunk,,,,,8,Sandile,8,Sandshrew-A,8,Bergmite,8,Drowzee,,,,,12,Electrike,14,Deerling,14,Stantler,90,Greninja,14,Nidoran-M,16,Roggenrola,5-20,Shroomish,20,Flaaffy,32,Excadrill,50,Carnivine,26,Torkoal,5-32,Solosis,32,Hattrem,5-32,Noibat,32,Claydol,5-32,Toxel,40,Scyther,40,Druddigon,40,Sirfetch'd,5-40,Larvitar,90,Metagross,90,Tyranitar,90,Salamence,5-40,Koffing,40,Magmar,5-40,Jangmo-o,5-44,Gible,,,5-50,Beldum,50,Electabuzz,50,Exeggutor-A,,,,,5-52,Goomy,,,5-55,Larvesta,5-55,Larvesta,56,Scizor,56,Ivysaur,56,Vivillon-Monsoon,56,Bayleef,56,Herdier,5-56,Beldum,,,90,Mawile,58,Froslass,58,Froslass,58,Gallade,5-58,Pumpkaboo-Large,5-58,Dreepy,5-65,Torchic,5-67,Charmander,5-69,Bagon,5-70,Cyndaquill,,,,,,,,,5-72,Mudkip,72,Morgrem,5-72,Smoochum,5-75,Scorbunny,,,5-75,Treecko,,,,,85,Mawile,,,80,Starmie,80,Glalie,80,Starmie,82,Dragapult,100,Zoroark-H,,,,,,,,,5-82,Zorua-H,5-82,Archen,85,Salamence,85,Tyranitar,85,Froslass,,
,1%,,,2-3,Deerling-A,2-3,Litleo,2-3,Deerling-S,5,Ralts,,,5,Ledyba,8,Croagunk,,,,,8,Sandile,8,Sandshrew-A,8,Bergmite,8,Drowzee,,,,,12,Electrike,14,Deerling-W,14,Stantler,90,Greninja,14,Nidoran-M,16,Roggenrola,20,Breloom,20,Flaaffy,32,Krookodile,50,Carnivine,26,Torkoal,32,Duosion,32,Hatterene,32,Noivern,32,Claydol,32,Toxtricity,40,Scyther,40,Druddigon,40,Sirfetch'd,40,Pupitar,90,Metagross,90,Tyranitar,90,Salamence,40,Weezing,40,Magmortar,40,Hakomo-o,44,Gabite,,,50,Metang,50,Electivire,50,Exeggutor-A,,,,,52,Sliggoo,,,55,Volcarona,55,Volcarona,56,Kleavor,56,Venusaur,56,Vivillon-Ocean,56,Bayleef,56,Stoutland,56,Metang,,,90,Mawile,58,Froslass,58,Froslass,58,Gallade,5-58,Pumpkaboo,58,Drakloak,65,Combusken,67,Charmeleon,69,Shelgon,70,Quilava,,,,,,,,,72,Marshtomp,72,Grimmsnarl,72,Jynx,75,Raboot,,,75,Grovyle,,,,,85,Mawile,,,80,Starmie,80,Glalie,80,Starmie,82,Dragapult,100,Zoroark-H,,,,,,,,,82,Zoroark-H,82,Archeops,85,Salamence,85,Tyranitar,85,Froslass,,
,,,,,,,,,,,,,,,,,,,,,,,,,,,,,,,,,,,,,,,,,,,,,,,,,,,,,,,,,,,,,,,,,,,,,,,,,,,,,,,,,,,,,,,,,,,,,,,,,,,,,,,,,,,,,,,,,,,,,,,,,,,,,,,,,,,,,,,,,,,,,,,,,,,,,,,,,,,,,,,,,,,,,,,,,,,,,,,,,,,,,,,,,,,,,,,,,,,,,,,
Fishing,20%,2-3,Surskit,,,,,2-3,Tentacool,5,Surskit,5,Croagunk,5,Horsea,8,Remoraid,8,Remoraid,8,Spheal,,,,,,,,,10,Chewtle,10,Horsea,5-20,Tynamo,,,,,14,Clamperl,,,,,,,5-20,Tynamo,20,Shellos,20,Tentacool,,,,,,,,,,,,,,,,,40,Azumarill,5-40,Magikarp,5-90,Anorith,90,Gyarados,5-90,Feebas,,,,,,,,,50,Sharpedo,,,,,50,Barraskewda,50,Dhelmise,50,Dhelmise,5-52,Magikarp,,,55,Slowbro,55,Golisopod,,,,,56,Golduck,56,Wartortle,,,56,Muk-A,58,Slowbro,5-58,Froakie,,,,,,,,,,,,,,,,,,,,,72,Overqwil,72,Eelektross,5-72,Bergmite,72,Starmie,,,,,72,Barraskewda,75,Sharpedo,5-75,Feebas,75,Barraskewda,80,Dhelmise,75,Slowbro,80,Primarina,,,80,Dhelmise,,,,,80,Clawitzer,80,Gyarados,80,Reuniclus,80,Basculegion,80,Basculegion,,,,,,,85,Sharpedo,,,,
,20%,2-3,Surskit,,,,,2-3,Tentacool,5,Surskit,5,Shellos,5,Remoraid,8,Horsea,8,Remoraid,8,Spheal,,,,,,,,,10,Tirtouga,10,Horsea,20,Eelektrik,,,,,14,Clamperl,,,,,,,20,Eelektrik,20,Shellos,20,Tentacool,,,,,,,,,,,,,,,,,40,Araquanid,5-40,Magikarp,5-90,Lileep,90,Milotic,5-90,Feebas,,,,,,,,,50,Barraskewda,,,,,50,Barraskewda,5-50,Basculin,50,Dhelmise,5-52,Magikarp,,,55,Slowking,55,Golisopod,,,,,56,Octillery,56,Blastoise,,,56,Muk-A,58,Slowking,58,Azumarill,,,,,,,,,,,,,,,,,,,,,72,Dragalge,72,Lanturn,72,Walrein,72,Starmie,,,,,72,Dhelmise,75,Sharpedo,5-75,Feebas,75,Golduck,80,Barraskewda,75,Slowking,80,Samurott-H,,,80,Jellicent,,,,,80,Crawdaunt,80,Overqwil,5-80,Gastly,80,Basculegion,80,Sharpedo,,,,,,,85,Sharpedo,,,,
,10%,2-3,Lotad,,,,,2-3,Skrelp,5,Psyduck,5,Croagunk,5,Horsea,8,Carvanha,8,Horsea,8,Chewtle,,,,,,,,,10,Chewtle,10,Remoraid,20,Chinchou,,,,,14,Krabby,,,,,,,20,Chinchou,5-20,Tympole,20,Qwilfish,,,,,,,,,,,,,,,,,40,Bruxish,5-40,Magikarp,5-90,Anorith,90,Dragonair,5-90,Feebas,,,,,,,,,50,Lanturn,,,,,50,Lumineon,50,Dhelmise,50,Lanturn,5-52,Magikarp,,,55,Golisopod,55,Gyarados,,,,,56,Golduck,56,Carracosta,,,56,Carracosta,58,Jellicent,58,Frogadier,,,,,,,,,,,,,,,,,,,,,72,Basculegion,72,Jellicent,72,Avalugg,72,Cloyster,,,,,72,Sharpedo,75,Gyarados,5-75,Feebas,75,Barraskewda,80,Dhelmise,75,Cloyster,80,Swampert,,,80,Basculegion,,,,,80,Clawitzer,80,Stunfisk,80,Gengar,80,Reuniclus,80,Lanturn,,,,,,,85,Gyarados,,,,
,10%,2-3,Lotad,,,,,2-3,Skrelp,5,Psyduck,5,Surskit,5,Buizel,8,Spheal,8,Horsea,8,Chewtle,,,,,,,,,10,Tirtouga,10,Remoraid,20,Chinchou,,,,,14,Corphish,,,,,,,20,Chinchou,5-20,Tympole,5-20,Dewpider,,,,,,,,,,,,,,,,,40,Bruxish,5-40,Magikarp,5-90,Lileep,90,Armaldo,5-90,Magikarp,,,,,,,,,50,Lanturn,,,,,50,Lumineon,50,Tentacruel,5-50,Grimer-A,5-52,Feebas,,,55,Golisopod,55,Gyarados,,,,,56,Octillery,56,Carracosta,,,56,Drednaw,58,Jellicent,58,Slowbro,,,,,,,,,,,,,,,,,,,,,72,Barraskewda,72,Jellicent,72,Milotic,72,Cloyster,,,,,72,Sharpedo,75,Gyarados,5-75,Magikarp,75,Kingdra,80,Gyarados,75,Cloyster,80,Overqwil,,,80,Basculegion,,,,,80,Crawdaunt,80,Bruxish,5-80,Shuppet,80,Froslass,80,Lanturn,,,,,,,85,Gyarados,,,,
,10%,2-3,Finneon,,,,,2-3,Skrelp,5,Remoraid,5,Surskit,5,Buizel,8,Spheal,8,Horsea,8,Chewtle,,,,,,,,,10,Krabby,10,Remoraid,20,Chinchou,,,,,14,Shellder,,,,,,,20,Chinchou,20,Palpitoad,20,Basculin,,,,,,,,,,,,,,,,,5-40,Magikarp,5-40,Magikarp,5-90,Kabuto,90,Cradily,5-90,Magikarp,,,,,,,,,50,Seadra,,,,,50,Bruxish,50,Tentacruel,50,Muk-A,5-52,Feebas,,,55,Gyarados,55,Slowbro,,,,,56,Floatzel,56,Carracosta,,,56,Lanturn,58,Basculegion,58,Slowking,,,,,,,,,,,,,,,,,,,,,72,Bruxish,72,Drednaw,72,Milotic,72,Golduck,,,,,72,Bruxish,75,Kingdra,5-75,Magikarp,75,Gorebyss,80,Gyarados,75,Drednaw,80,Cloyster,,,80,Dragonair,,,,,80,Dragalge,80,Eelektross,5-80,Shuppet,80,Froslass,80,Eelektross,,,,,,,85,Slowbro,,,,
,10%,2-3,Finneon,,,,,2-3,Chinchou,5,Remoraid,5,Tympole,5,Krabby,8,Chewtle,8,Horsea,8,Chewtle,,,,,,,,,10,Corphish,10,Buizel,20,Tentacool,,,,,14,Clauncher,,,,,,,20,Stunfisk,20,Stunfisk,20,Bruxish,,,,,,,,,,,,,,,,,40,Gyarados,5-40,Magikarp,5-90,Omanyte,90,Kabutops,5-90,Magikarp,,,,,,,,,50,Kingdra,,,,,50,Clawitzer,50,Barraskewda,5-50,Basculin,5-52,Skrelp,,,55,Gyarados,55,Slowking,,,,,56,Floatzel,56,Drednaw,,,56,Lanturn,58,Basculegion,5-58,Magikarp,,,,,,,,,,,,,,,,,,,,,72,Tentacruel,72,Cloyster,72,Cloyster,72,Golduck,,,,,72,Gyarados,75,Kingdra,5-75,Magikarp,75,Huntail,80,Stunfisk,75,Drednaw,80,Jellicent,,,80,Eelektross,,,,,80,Gyarados,80,Octillery,80,Banette,80,Banette,80,Kingdra,,,,,,,85,Cloyster,,,,
,10%,2-3,Tympole,,,,,2-3,Chinchou,5,Carvanha,5,Lotad,5,Krabby,8,Chewtle,8,Carvanha,8,Shellder,,,,,,,,,10,Clauncher,10,Buizel,20,Tentacool,,,,,14,Remoraid,,,,,,,20,Palpitoad,20,Croagunk,20,Skrelp,,,,,,,,,,,,,,,,,40,Azumarill,5-40,Magikarp,5-90,Tirtouga,90,Omastar,5-90,Magikarp,,,,,,,,,50,Qwilfish-H,,,,,50,Crawdaunt,50,Jellicent,50,Eelektross,5-52,Frillish,,,55,Jellicent,55,Octillery,,,,,56,Gorebyss,56,Drednaw,,,56,Dragonair,58,Bruxish,5-58,Feebas,,,,,,,,,,,,,,,,,,,,,72,Slowking,72,Golduck,72,Slowbro,72,Walrein,,,,,72,Milotic,75,Starmie,5-75,Magikarp,75,Relicanth,80,Stunfisk,75,Ludicolo,80,Walrein,,,80,Milotic,,,,,80,Milotic,80,Sharpedo,80,Sableye,80,Gengar,80,Overqwil,,,,,,,85,Walrein,,,,
,5%,2-3,Tympole,,,,,2-3,Lotad,5,Carvanha,5,Tympole,5,Clauncher,8,Shellder,8,Carvanha,8,Staryu,,,,,,,,,10,Tentacool,10,Qwilfish,20,Skrelp,,,,,14,Qwilfish,,,,,,,20,Stunfisk,20,Stunfisk,20,Qwilfish,,,,,,,,,,,,,,,,,40,Slowpoke,5-40,Magikarp,5-90,Feebas,90,Dragonair,5-90,Magikarp,,,,,,,,,50,Qwilfish-H,,,,,50,Bruxish,50,Lanturn,50,Lanturn,5-52,Skrelp,,,5-55,Qwilfish-H,55,Octillery,,,,,56,Huntail,56,Drednaw,,,56,Dragonair,58,Bruxish,58,Greninja,,,,,,,,,,,,,,,,,,,,,72,Slowbro,72,Drednaw,72,Slowking,72,Walrein,,,,,72,Ludicolo,75,Starmie,5-75,Magikarp,75,Kingdra,80,Overqwil,75,Ludicolo,80,Overqwil,,,80,Bruxish,,,,,80,Dragalge,80,Stunfisk,80,Reuniclus,80,Reuniclus,80,Overqwil,,,,,,,85,Slowbro,,,,
,4%,2-3,Tympole,,,,,2-3,Lotad,5,Carvanha,5,Shellos,5,Clauncher,8,Staryu,8,Carvanha,8,Staryu,,,,,,,,,10,Tynamo,10,Qwilfish,20,Seadra,,,,,14,Basculin,,,,,,,20,Grimer-A,20,Chinchou,20,Araquanid,,,,,,,,,,,,,,,,,40,Marill,5-40,Magikarp,5-90,Magikarp,90,Relicanth,5-90,Magikarp,,,,,,,,,5-50,Skrelp,,,,,5-50,Wailmer,5-50,Dratini,50,Basculegion,5-52,Skrelp,,,5-55,Grimer-A,5-55,Grimer-A,,,,,56,Araquanid,56,Drednaw,,,56,Eelektrik,58,Sharpedo,58,Sharpedo,,,,,,,,,,,,,,,,,,,,,72,Armaldo,72,Carracosta,72,Starmie,72,Walrein,,,,,72,Kabutops,75,Cradily,5-75,Magikarp,75,Omastar,80,Starmie,75,Seismitoad,80,Starmie,,,80,Muk-A,,,,,5-80,Dratini,5-80,Dratini,80,Froslass,80,Jellicent,80,Dragalge,,,,,,,85,Slowking,,,,
,1%,2-3,Tympole,,,,,2-3,Lotad,5,Carvanha,5,Shellos-East,5,Clauncher,8,Staryu,8,Carvanha,8,Staryu,,,,,,,,,10,Tynamo,10,Qwilfish,20,Seadra,,,,,14,Basculin-BS,,,,,,,20,Grimer-A,20,Chinchou,20,Araquanid,,,,,,,,,,,,,,,,,5-40,Azurill,5-40,Magikarp,5-90,Magikarp,90,Relicanth,5-90,Magikarp,,,,,,,,,50,Dragalge,,,,,50,Wailord,50,Dragonair,50,Basculegion,52,Dragalge,,,55,Muk-A,55,Muk-A,,,,,56,Araquanid,5-56,Grimer-A,,,56,Eelektross,58,Sharpedo,58,Sharpedo,,,,,,,,,,,,,,,,,,,,,72,Armaldo,72,Carracosta,72,Starmie,72,Walrein,,,,,72,Kabutops,75,Cradily,5-75,Magikarp,75,Omastar,80,Starmie,75,Seismitoad,80,Starmie,,,80,Muk-A,,,,,80,Dragonair,80,Dragonair,80,Froslass,80,Jellicent,80,Dragalge,,,,,,,85,Slowking,,,,
,,,,,,,,,,,,,,,,,,,,,,,,,,,,,,,,,,,,,,,,,,,,,,,,,,,,,,,,,,,,,,,,,,,,,,,,,,,,,,,,,,,,,,,,,,,,,,,,,,,,,,,,,,,,,,,,,,,,,,,,,,,,,,,,,,,,,,,,,,,,,,,,,,,,,,,,,,,,,,,,,,,,,,,,,,,,,,,,,,,,,,,,,,,,,,,,,,,,,,,
Surf,30%,5,Squirtle,,,,,50,Tentacruel,50,Golduck,5,Froakie,50,Gyarados,50,Starmie,50,Seadra,50,Sealeo,,,,,,,,,50,Wailord,5-50,Anorith,50,Lanturn,,,,,5-50,Frillish,,,,,,,5-50,Grimer-A,50,Seismitoad,50,Qwilfish,,,,,,,,,,,,,,,,,50,Slowbro,50,Armaldo,90,Gastrodon,90,Noivern,90,Gyarados,,,,,,,,,50,Barraskewda,,,,,5-50,Arrokuda,5-50,Basculin,50,Muk-A,52,Milotic,,,55,Overqwil,55,Azumarill,,,,,56,Vivillon-Polar,56,Carracosta,,,56,Carracosta,58,Crobat,58,Gyarados,,,,,,,,,,,,,,,,,,,,,72,Basculegion,72,Carracosta,72,Avalugg,72,Cloyster,,,,,72,Ludicolo,75,Aerodactyl,5-75,Feebas,75,Gorebyss,80,Barraskewda,75,Slowbro,80,Muk-A,,,80,Slowbro,,,,,80,Pidgeot,80,Aerodactyl,5-80,Gastly,80,Froslass,80,Lanturn,,,,,,,85,Greninja,,,,
,30%,5,Totodile,,,,,50,Tentacruel,50,Golduck,5,Popplio,50,Gyarados,50,Sharpedo,50,Kingdra,50,Walrein,,,,,,,,,50,Drednaw,5-50,Lileep,50,Lanturn,,,,,50,Bruxish,,,,,,,50,Muk-A,50,Gastrodon,50,Tentacruel,,,,,,,,,,,,,,,,,50,Slowking,50,Cradily,90,Seismitoad,90,Crobat,90,Milotic,,,,,,,,,50,Kingdra,,,,,50,Lumineon,5-50,Arrokuda,50,Muk-A,52,Dragalge,,,5-55,Wimpod,5-55,Wimpod,,,,,56,Vivillon-River,56,Drednaw,,,56,Drednaw,58,Noivern,58,Milotic,,,,,,,,,,,,,,,,,,,,,72,Barraskewda,72,Drednaw,72,Slowbro,72,Golduck,,,,,72,Sharpedo,75,Sharpedo,5-75,Magikarp,75,Huntail,80,Dhelmise,75,Slowking,80,Overqwil,,,80,Slowking,,,,,80,Gyarados,80,Gyarados,5-80,Shuppet,80,Basculegion,80,Kingdra,,,,,,,85,Samurott-H,,,,
,20%,5,Oshawott,,,,,50,Dragalge,50,Octillery,5,Froakie,50,Starmie,50,Cloyster,50,Octillery,50,Drednaw,,,,,,,,,50,Carracosta,5-50,Slowpoke,50,Eelektross,,,,,50,Jellicent,,,,,,,50,Muk-A,50,Toxicroak,50,Araquanid,,,,,,,,,,,,,,,,,50,Gyarados,50,Armaldo,90,Swampert,90,Hydreigon,90,Dragapult,,,,,,,,,50,Overqwil,,,,,50,Barraskewda,50,Dhelmise,5-50,Basculin-BS,52,Gyarados,,,5-55,Slowpoke,55,Brionne,,,,,56,Vivillon-Sandstorm,56,Blastoise,,,56,Muk-A,58,Honchkrow,58,Greninja,,,,,,,,,,,,,,,,,,,,,72,Bruxish,72,Jellicent,72,Walrein,72,Walrein,,,,,72,Gyarados,75,Gyarados,5-75,Feebas,75,Golduck,80,Gyarados,75,Seismitoad,80,Tentacruel,,,80,Dragonair,,,,,80,Dragalge,80,Bruxish,5-80,Dreepy,80,Jellicent,80,Dragalge,,,,,,,85,Starmie,,,,
,10%,5,Sobble,,,,,50,Lanturn,50,Floatzel,5,Popplio,50,Sharpedo,50,Cloyster,50,Cloyster,50,Starmie,,,,,,,,,50,Wailord,50,Slowbro,50,Eelektross,,,,,50,Tentacruel,,,,,,,50,Lanturn,50,Stunfisk,50,Gyarados,,,,,,,,,,,,,,,,,50,Clawitzer,50,Cradily,90,Armaldo,90,Dragonite,90,Dragonite,,,,,,,,,50,Sharpedo,,,,,50,Bruxish,50,Basculegion,50,Lanturn,52,Milotic,,,5-55,Grimer-A,55,Crobat,,,,,56,Vivillon-Savanna,5-56,Froakie,,,56,Muk-A,5-58,Gastly,58,Slowbro,,,,,,,,,,,,,,,,,,,,,72,Bruxish,72,Eelektross,72,Slowking,72,Walrein,,,,,72,Milotic,75,Archeops,5-75,Magikarp,75,Relicanth,80,Pidgeot,75,Cloyster,80,Primarina,,,80,Dragonite,,,,,80,Milotic,80,Sharpedo,80,Sableye,80,Froslass,80,Lanturn,,,,,,,85,Primarina,,,,
,10%,5,Sobble,,,,,50,Ludicolo,50,Floatzel,5,Popplio,50,Kingdra,50,Wailord,50,Wailord,50,Wailord,,,,,,,,,50,Carracosta,50,Slowking,50,Eelektross,,,,,50,Gyarados,,,,,,,50,Lanturn,50,Stunfisk,50,Gyarados,,,,,,,,,,,,,,,,,50,Kingler,50,Cradily,90,Cradily,90,Dragonite,90,Dragonite,,,,,,,,,50,Sharpedo,,,,,5-50,Dratini,50,Barraskewda,50,Lanturn,52,Jellicent,,,55,Muk-A,55,Noivern,,,,,56,Vivillon-Sun,5-56,Froakie,,,56,Dragonite,5-58,Dreepy,58,Slowking,,,,,,,,,,,,,,,,,,,,,72,Overqwil,72,Lanturn,72,Starmie,72,Starmie,,,,,72,Milotic,75,Corviknight,5-75,Magikarp,75,Omastar,80,Pidgeot,75,Drednaw,80,Samurott-H,,,80,Muk-A,,,,,80,Altaria,80,Salamence,80,Sableye,80,Jellicent,80,Dragalge,,,,,,,85,Primarina,,,,
,,,,,,,,,,,,,,,,,,,,,,,,,,,,,,,,,,,,,,,,,,,,,,,,,,,,,,,,,,,,,,,,,,,,,,,,,,,,,,,,,,,,,,,,,,,,,,,,,,,,,,,,,,,,,,,,,,,,,,,,,,,,,,,,,,,,,,,,,,,,,,,,,,,,,,,,,,,,,,,,,,,,,,,,,,,,,,,,,,,,,,,,,,,,,,,,,,,,,,,
Rock Smash,60%,,,,,,,,,,,,,,,,,,,,,,,,,15,Geodude-A,,,,,,,,,,,,,,,,,,,,,,,20,Roggenrola,,,,,,,,,,,,,,,,,,,40,Geodude-A,,,,,,,,,,,,,,,,,,,,,,,,,,,,,,,,,,,,,,,,,,,,,56,Crustle,,,,,,,,,,,,,,,,,,,,,,,,,,,,,,,,,,,,,,,,,,,,,,,,,,,,,80,Gigalith,,,,,,,,,,,,,,,,,,,,,,,85,Aggron,85,Avalugg-H,,
,30%,,,,,,,,,,,,,,,,,,,,,,,,,15,Geodude-A,,,,,,,,,,,,,,,,,,,,,,,20,Geodude-A,,,,,,,,,,,,,,,,,,,40,Graveler-A,,,,,,,,,,,,,,,,,,,,,,,,,,,,,,,,,,,,,,,,,,,,,56,Golem-A,,,,,,,,,,,,,,,,,,,,,,,,,,,,,,,,,,,,,,,,,,,,,,,,,,,,,80,Avalugg-H,,,,,,,,,,,,,,,,,,,,,,,85,Steelix,85,Glalie,,
,5%,,,,,,,,,,,,,,,,,,,,,,,,,15,Bergmite,,,,,,,,,,,,,,,,,,,,,,,20,Dwebble,,,,,,,,,,,,,,,,,,,40,Graveler-A,,,,,,,,,,,,,,,,,,,,,,,,,,,,,,,,,,,,,,,,,,,,,56,Glalie,,,,,,,,,,,,,,,,,,,,,,,,,,,,,,,,,,,,,,,,,,,,,,,,,,,,,80,Glalie,,,,,,,,,,,,,,,,,,,,,,,85,Mawile,85,Mawile,,
,4%,,,,,,,,,,,,,,,,,,,,,,,,,15,Bergmite,,,,,,,,,,,,,,,,,,,,,,,20,Dwebble,,,,,,,,,,,,,,,,,,,40,Graveler-A,,,,,,,,,,,,,,,,,,,,,,,,,,,,,,,,,,,,,,,,,,,,,56,Glalie,,,,,,,,,,,,,,,,,,,,,,,,,,,,,,,,,,,,,,,,,,,,,,,,,,,,,80,Glalie,,,,,,,,,,,,,,,,,,,,,,,85,Metagross,85,Metagross,,
,1%,,,,,,,,,,,,,,,,,,,,,,,,,15,Bergmite,,,,,,,,,,,,,,,,,,,,,,,20,Dwebble,,,,,,,,,,,,,,,,,,,40,Graveler-A,,,,,,,,,,,,,,,,,,,,,,,,,,,,,,,,,,,,,,,,,,,,,56,Glalie,,,,,,,,,,,,,,,,,,,,,,,,,,,,,,,,,,,,,,,,,,,,,,,,,,,,,80,Glalie,,,,,,,,,,,,,,,,,,,,,,,85,Metagross,85,Metagross,,
,,,,,,,,,,,,,,,,,,,,,,,,,,,,,,,,,,,,,,,,,,,,,,,,,,,,,,,,,,,,,,,,,,,,,,,,,,,,,,,,,,,,,,,,,,,,,,,,,,,,,,,,,,,,,,,,,,,,,,,,,,,,,,,,,,,,,,,,,,,,,,,,,,,,,,,,,,,,,,,,,,,,,,,,,,,,,,,,,,,,,,,,,,,,,,,,,,,,,,,
Other,,,,,,,,,,,,,,,,,,,,,,,,,,,,,,,,,,,,,,,,,,,,,,,,,,,,,,,,,,,,,,,,,,,,,,,,,,,,,,,,,,,,,,,,,,,,40,Static Voltorb-H,,,,,,,25,Gift Castform,55,Static Kecleon,55,Static Kecleon,,,,,,,,,,,,,,,,,,,,,,,,,,,,,,,,,,,,,75,Static Electrode-H,,,5,Gift Kubfu,,,,,,,,,,,,,,,,,,,,,,,,,,,,,,,,,,,,,,,,,,,,,,,,,,,,
,,,,,,,,,,,,,,,,,,,,,,,,,,,,,,,,,,,,,,,,,,,,,,,,,,,,,,,,,,,,,,,,,,,,,,,,,,,,,,,,,,,,,,,,,,,,50,Static Electrode-H,,,,,,,,,,,,,,,,,,,,,,,,,,,,,,,,,,,,,,,,,,,,,,,,,,,,,,,,,,,,,,,,,,,,,,,,,,,,,,,,,,,,,,,,,,,,,,,,,,,,,,,,,,